{
	"id": "0b952791-56b0-4a79-851d-2dbd5aa5c330",
	"name": "SVAP Cert",
	"values": [
		{
			"key": "machine_pin",
			"value": "",
			"enabled": true
		},
		{
			"key": "agreement_businessKey",
			"value": "",
			"enabled": true
		},
		{
			"key": "event_businessKey",
			"value": "",
			"enabled": true
		},
		{
			"key": "notificationId",
			"value": "",
			"enabled": true
		},
		{
			"key": "queue_dbs_key_name",
			"value": "",
			"enabled": true
		},
		{
			"key": "queue_dbs_key",
			"value": "",
			"enabled": true
		},
		{
			"key": "queue_svap_key_name",
			"value": "",
			"enabled": true
		},
		{
			"key": "client_id",
			"value": "",
			"enabled": true
		},
		{
			"key": "client_secret",
			"value": "",
			"enabled": true
		},
		{
			"key": "queue_svap_key",
			"value": "",
			"enabled": true
		},
		{
			"key": "queue_dbs",
			"value": "",
			"enabled": true
		},
		{
			"key": "dbs",
			"value": "",
			"enabled": true
		},
		{
			"key": "account",
			"value": "",
			"enabled": true
		},
		{
			"key": "baseUrl",
			"value": "servicesextcert.deere.com/svapng",
			"enabled": true
		},
		{
			"key": "service_bus_namespace_name",
			"value": "jd2d-cert-01",
			"enabled": true
		},
		{
			"key": "queue_dbs_auth_receive",
			"value": "GENERATED",
			"enabled": true
		},
		{
			"key": "queue_svap_auth_send",
			"value": "GENERATED",
			"enabled": true
		},
		{
			"key": "api_bearer_token",
			"value": "GENERATED",
			"enabled": true
		},
		{
			"key": "queue_svap",
			"value": "john-deere/queues/svap",
			"enabled": true
		}
	],
	"_postman_variable_scope": "environment",
	"_postman_exported_at": "2021-08-27T19:12:33.305Z",
	"_postman_exported_using": "Postman/8.11.1"
}