{
	"info": {
		"_postman_id": "a2cd520a-118b-44eb-b9d6-e05e11e7e4b2",
		"name": "Work Order Integration (Agreements)",
		"description": "Workorder Integration",
		"schema": "https://schema.getpostman.com/json/collection/v2.1.0/collection.json"
	},
	"item": [
		{
			"name": "Notification",
			"item": [
				{
					"name": "SVAP sends NOTIFICATION",
					"event": [
						{
							"listen": "prerequest",
							"script": {
								"exec": [
									"var uri = 'https://' + pm.environment.get('service_bus_namespace_name') + '.servicebus.windows.net/' + pm.environment.get('queue_dbs');",
									"var encoded = encodeURIComponent(uri); ",
									"var now = new Date(); ",
									"var week = 60*60*24*7;",
									"var ttl = Math.round(now.getTime() / 1000) + week;",
									"var signature = encoded + '\\n' + ttl;",
									"var signatureUTF8 = signature.toString(\"utf8\");",
									"",
									"var hash = CryptoJS.HmacSHA256(signatureUTF8, pm.environment.get('queue_dbs_key'));",
									"var hash64 = hash.toString(CryptoJS.enc.Base64);",
									"var sas = 'SharedAccessSignature sr=' + encoded + '&sig=' + encodeURIComponent(hash64) + '&se=' + ttl + '&skn=' + pm.environment.get('queue_dbs_key_name');",
									"pm.environment.set('queue_dbs_auth_receive', sas);",
									""
								],
								"type": "text/javascript"
							}
						}
					],
					"request": {
						"auth": {
							"type": "noauth"
						},
						"method": "POST",
						"header": [
							{
								"key": "Authorization",
								"type": "text",
								"value": "{{queue_dbs_auth_receive}}"
							}
						],
						"body": {
							"mode": "raw",
							"raw": ""
						},
						"url": {
							"raw": "https://{{service_bus_namespace_name}}.servicebus.windows.net/{{queue_dbs}}/messages/head",
							"protocol": "https",
							"host": [
								"{{service_bus_namespace_name}}",
								"servicebus",
								"windows",
								"net"
							],
							"path": [
								"{{queue_dbs}}",
								"messages",
								"head"
							]
						}
					},
					"response": [
						{
							"name": "Push Job Notification",
							"originalRequest": {
								"method": "DELETE",
								"header": [
									{
										"key": "Authorization",
										"type": "text",
										"value": "{{queue_dbs_auth_receive}}"
									}
								],
								"body": {
									"mode": "raw",
									"raw": ""
								},
								"url": {
									"raw": "https://{{service_bus_namespace_name}}.servicebus.windows.net/{{queue_dbs}}/messages/head",
									"protocol": "https",
									"host": [
										"{{service_bus_namespace_name}}",
										"servicebus",
										"windows",
										"net"
									],
									"path": [
										"{{queue_dbs}}",
										"messages",
										"head"
									]
								}
							},
							"status": "OK",
							"code": 200,
							"_postman_previewlanguage": "xml",
							"header": [
								{
									"key": "Transfer-Encoding",
									"value": "chunked"
								},
								{
									"key": "Content-Type",
									"value": "application/xml"
								},
								{
									"key": "Server",
									"value": "Microsoft-HTTPAPI/2.0"
								},
								{
									"key": "BrokerProperties",
									"value": "{\"CorrelationId\":\"1627053375452\",\"DeliveryCount\":1,\"EnqueuedTimeUtc\":\"Fri, 23 Jul 2021 15:16:16 GMT\",\"MessageId\":\"bba5c7c72b164c7c8247d4571c077d6c\",\"SequenceNumber\":61040239,\"State\":\"Active\",\"TimeToLive\":922337203685.47754}"
								},
								{
									"key": "Version",
									"value": "\"3.0\""
								},
								{
									"key": "MessageType",
									"value": "\"Event\""
								},
								{
									"key": "Strict-Transport-Security",
									"value": "max-age=31536000"
								},
								{
									"key": "Date",
									"value": "Fri, 23 Jul 2021 15:16:21 GMT"
								}
							],
							"cookie": [],
							"body": "<?xml version=\"1.0\" encoding=\"UTF-8\" standalone=\"yes\"?>\n<ns2:basicInformation xmlns:ns2=\"http://message.async.dms.svap.deere.com/\">\n    <account>{{account}}</account>\n    <messageType>NOTIFICATION</messageType>\n    <locale>en</locale>\n    <currency>USD</currency>\n    <accountType>DEALER</accountType>\n    <events>\n        <event>\n            <allowOnlyConfiguredJobForWorkOrder>false</allowOnlyConfiguredJobForWorkOrder>\n            <jobs>\n                <job>\n                    <title>250 HOUR PM SKIDSTEER LOADER ENGINE OIL SAMPLE</title>\n                    <complaint></complaint>\n                    <correction>TAKE ENGINE OIL SAMPLE</correction>\n                    <jobCode>PMH/9800/S25/053</jobCode>\n                    <actions>\n                        <action>\n                            <name>TAKE ENGINE OIL SAMPLE</name>\n                            <laborTime>0.50</laborTime>\n                            <dealerOnly>false</dealerOnly>\n                            <dealerMaintained>true</dealerMaintained>\n                            <parts/>\n                            <resources>\n                                <resource>\n                                    <title>SERVICE_TECHNICIAN_FIELD</title>\n                                    <laborTime>0.5</laborTime>\n                                </resource>\n                            </resources>\n                        </action>\n                    </actions>\n                    <primary>true</primary>\n                </job>\n            </jobs>\n            <pricing>\n                <totalLaborPrice>60.00</totalLaborPrice>\n                <totalPartPrice>35.00</totalPartPrice>\n                <additionalCharges>0.00</additionalCharges>\n                <totalTravelPrice>0.00</totalTravelPrice>\n            </pricing>\n            <eventBusinessKey>2001887264</eventBusinessKey>\n            <notificationId>11508603</notificationId>\n            <jobType>JOB</jobType>\n            <eventType>CALENDAR</eventType>\n            <agreementBusinessKey>2001022019</agreementBusinessKey>\n            <equipment>\n                <serialNumber>1T0317GJLKJ345517</serialNumber>\n                <equipmentAssetId>JLKJ345517</equipmentAssetId>\n                <prodKey>96399222</prodKey>\n                <baseMachineCode>06L0T</baseMachineCode>\n                <modelName>317G</modelName>\n            </equipment>\n            <customer>\n                <ckcId>2010372336</ckcId>\n                <dbsCustomerId>209170</dbsCustomerId>\n            </customer>\n            <location>064645</location>\n            <schedules>\n                <schedule>\n                    <type>CALENDAR</type>\n                    <scheduledDate>2022-11-05Z</scheduledDate>\n                    <maxSessions>0</maxSessions>\n                    <sessionsUsed>0</sessionsUsed>\n                    <sessionsUnlimited>false</sessionsUnlimited>\n                    <triggered>false</triggered>\n                </schedule>\n                <schedule>\n                    <type>HOURLY</type>\n                    <scheduledValue>775.00</scheduledValue>\n                    <scheduleUnitType>HOURS</scheduleUnitType>\n                    <maxSessions>0</maxSessions>\n                    <sessionsUsed>0</sessionsUsed>\n                    <sessionsUnlimited>false</sessionsUnlimited>\n                    <triggered>false</triggered>\n                </schedule>\n            </schedules>\n            <status>NOT_COMPLETED</status>\n            <salesType>PREPAID</salesType>\n            <responsibleDepartment>SERVICE</responsibleDepartment>\n        </event>\n    </events>\n</ns2:basicInformation>"
						}
					]
				},
				{
					"name": "DBS sends ACKNOWLEDGEMENT",
					"event": [
						{
							"listen": "prerequest",
							"script": {
								"exec": [
									"var uri = 'https://' + pm.environment.get('service_bus_namespace_name') + '.servicebus.windows.net/' + pm.environment.get('queue_svap');",
									"var encoded = encodeURIComponent(uri); ",
									"var now = new Date(); ",
									"var week = 60*60*24*7;",
									"var ttl = Math.round(now.getTime() / 1000) + week;",
									"var signature = encoded + '\\n' + ttl;",
									"var signatureUTF8 = signature.toString(\"utf8\");",
									"",
									"var hash = CryptoJS.HmacSHA256(signatureUTF8, pm.environment.get('queue_svap_key'));",
									"var hash64 = hash.toString(CryptoJS.enc.Base64);",
									"var sas = 'SharedAccessSignature sr=' + encoded + '&sig=' + encodeURIComponent(hash64) + '&se=' + ttl + '&skn=' + pm.environment.get('queue_svap_key_name');",
									"pm.environment.set('queue_svap_auth_send', sas);",
									""
								],
								"type": "text/javascript"
							}
						}
					],
					"request": {
						"auth": {
							"type": "noauth"
						},
						"method": "POST",
						"header": [
							{
								"key": "Content-Type",
								"value": "application/atom+xml;type=entry;charset=utf-8",
								"type": "text",
								"disabled": true
							},
							{
								"key": "Authorization",
								"value": "{{queue_svap_auth_send}}",
								"type": "text"
							},
							{
								"key": "MessageSource",
								"value": "{{dbs}}",
								"type": "text"
							},
							{
								"key": "MessageType",
								"value": "ACKNOWLEDGEMENT",
								"type": "text"
							},
							{
								"key": "Version",
								"value": "3.0",
								"type": "text"
							}
						],
						"body": {
							"mode": "raw",
							"raw": "<tns:BasicInformation xmlns:p=\"http://common.async.dms.svap.deere.com/\" xmlns:tns=\"http://message.inbound.async.dms.svap.deere.com/\" xmlns:tns1=\"http://domain.inbound.async.dms.svap.deere.com/\" xmlns:xsi=\"http://www.w3.org/2001/XMLSchema-instance\" xsi:schemaLocation=\"http://message.inbound.async.dms.svap.deere.com/ message-inbound.xsd http://common.async.dms.svap.deere.com/ common.xsd http://domain.inbound.async.dms.svap.deere.com/ domain-inbound.xsd \">\n    <account>{{account}}</account>\n    <accountType>DEALER</accountType>\n    <messageType>ACKNOWLEDGEMENT</messageType>\n    <locale>en</locale>\n    <currency>USD</currency>\n    <acknowledgement>\n        <eventBusinessKey>{{event_businessKey}}</eventBusinessKey>\n        <notificationId>{{notificationId}}</notificationId>\n        <agreementBusinessKey>{{agreement_businessKey}}</agreementBusinessKey>\n        <status>SUCCESSFUL</status>\n        <detailMessage/>\n        <receivedTimestamp>2017-02-06T07:45:15</receivedTimestamp>\n        <processedTimestamp>2017-02-06T07:45:15</processedTimestamp>\n        <jobType>JOB</jobType>\n    </acknowledgement>\n</tns:BasicInformation>",
							"options": {
								"raw": {
									"language": "xml"
								}
							}
						},
						"url": {
							"raw": "https://{{service_bus_namespace_name}}.servicebus.windows.net/{{queue_svap}}/messages",
							"protocol": "https",
							"host": [
								"{{service_bus_namespace_name}}",
								"servicebus",
								"windows",
								"net"
							],
							"path": [
								"{{queue_svap}}",
								"messages"
							]
						}
					},
					"response": []
				}
			],
			"description": "This service will allow SVAP to trigger events when it comes due.\n\nNote: This service is what gets triggered from SVAP. No input needed from Dealer Business System on this."
		},
		{
			"name": "Work Order (Log Completion)",
			"item": [
				{
					"name": "DBS sends LOG_COMPLETION-STARTED",
					"event": [
						{
							"listen": "prerequest",
							"script": {
								"exec": [
									"var uri = 'https://' + pm.environment.get('service_bus_namespace_name') + '.servicebus.windows.net/' + pm.environment.get('queue_svap');",
									"var encoded = encodeURIComponent(uri); ",
									"var now = new Date(); ",
									"var week = 60*60*24*7;",
									"var ttl = Math.round(now.getTime() / 1000) + week;",
									"var signature = encoded + '\\n' + ttl;",
									"var signatureUTF8 = signature.toString(\"utf8\");",
									"",
									"var hash = CryptoJS.HmacSHA256(signatureUTF8, pm.environment.get('queue_svap_key'));",
									"var hash64 = hash.toString(CryptoJS.enc.Base64);",
									"var sas = 'SharedAccessSignature sr=' + encoded + '&sig=' + encodeURIComponent(hash64) + '&se=' + ttl + '&skn=' + pm.environment.get('queue_svap_key_name');",
									"pm.environment.set('queue_svap_auth_send', sas);",
									""
								],
								"type": "text/javascript"
							}
						}
					],
					"request": {
						"method": "POST",
						"header": [
							{
								"key": "Content-Type",
								"value": "application/atom+xml;type=entry;charset=utf-8",
								"type": "text",
								"disabled": true
							},
							{
								"key": "Authorization",
								"value": "{{queue_svap_auth_send}}",
								"type": "text"
							},
							{
								"key": "MessageSource",
								"value": "{{dbs}}",
								"type": "text"
							},
							{
								"key": "MessageType",
								"value": "LOG_COMPLETION",
								"type": "text"
							},
							{
								"key": "Version",
								"value": "3.0",
								"type": "text"
							}
						],
						"body": {
							"mode": "raw",
							"raw": "<?xml version=\"1.0\" encoding=\"UTF-8\"?>\n<svapIn:BasicInformation xmlns:svapIn=\"http://message.inbound.async.dms.svap.deere.com/\">\n    <accountType>DEALER</accountType>\n    <account>{{account}}</account>\n    <messageType>LOG_COMPLETION</messageType>\n    <locale>en_US</locale>\n    <currency>USD</currency>\n    <completionLog>\n        <eventType>CALENDAR</eventType>\n        <jobType>JOB</jobType>\n        <workOrderNumber>123456</workOrderNumber>\n        <additionalNotes></additionalNotes>\n        <totalLaborTime>0</totalLaborTime>\n        <startDate>2021-07-22T08:10:15.557339-05:00</startDate>\n        <completionDate />\n        <eventBusinessKey>{{event_businessKey}}</eventBusinessKey>\n        <notificationId>{{notificationId}}</notificationId>\n        <completedByLastName />\n        <completedByUserId />\n        <completedByFirstName />\n        <jobCode>PMH/9800/S25/053</jobCode>\n        <action>STARTED</action>\n        <location>064645</location>\n        <complaint></complaint>\n        <correction></correction>\n        <totalPartCost>0</totalPartCost>\n        <totalLaborCost>0</totalLaborCost>\n        <totalCost>0</totalCost>\n        <totalAdditionalCost>0</totalAdditionalCost>\n    </completionLog>\n</svapIn:BasicInformation>",
							"options": {
								"raw": {
									"language": "xml"
								}
							}
						},
						"url": {
							"raw": "https://{{service_bus_namespace_name}}.servicebus.windows.net/{{queue_svap}}/messages",
							"protocol": "https",
							"host": [
								"{{service_bus_namespace_name}}",
								"servicebus",
								"windows",
								"net"
							],
							"path": [
								"{{queue_svap}}",
								"messages"
							]
						}
					},
					"response": []
				},
				{
					"name": "SVAP sends ACKNOWLEDGEMENT",
					"event": [
						{
							"listen": "prerequest",
							"script": {
								"exec": [
									"var uri = 'https://' + pm.environment.get('service_bus_namespace_name') + '.servicebus.windows.net/' + pm.environment.get('queue_dbs');",
									"var encoded = encodeURIComponent(uri); ",
									"var now = new Date(); ",
									"var week = 60*60*24*7;",
									"var ttl = Math.round(now.getTime() / 1000) + week;",
									"var signature = encoded + '\\n' + ttl;",
									"var signatureUTF8 = signature.toString(\"utf8\");",
									"",
									"var hash = CryptoJS.HmacSHA256(signatureUTF8, pm.environment.get('queue_dbs_key'));",
									"var hash64 = hash.toString(CryptoJS.enc.Base64);",
									"var sas = 'SharedAccessSignature sr=' + encoded + '&sig=' + encodeURIComponent(hash64) + '&se=' + ttl + '&skn=' + pm.environment.get('queue_dbs_key_name');",
									"pm.environment.set('queue_dbs_auth_receive', sas);",
									""
								],
								"type": "text/javascript"
							}
						}
					],
					"request": {
						"auth": {
							"type": "noauth"
						},
						"method": "POST",
						"header": [
							{
								"key": "Authorization",
								"type": "text",
								"value": "{{queue_dbs_auth_receive}}"
							}
						],
						"body": {
							"mode": "raw",
							"raw": ""
						},
						"url": {
							"raw": "https://{{service_bus_namespace_name}}.servicebus.windows.net/{{queue_dbs}}/messages/head",
							"protocol": "https",
							"host": [
								"{{service_bus_namespace_name}}",
								"servicebus",
								"windows",
								"net"
							],
							"path": [
								"{{queue_dbs}}",
								"messages",
								"head"
							]
						}
					},
					"response": [
						{
							"name": "Receive Acknowledgement from SVAP",
							"originalRequest": {
								"method": "DELETE",
								"header": [
									{
										"key": "Authorization",
										"type": "text",
										"value": "{{queue_dbs_auth_receive}}"
									}
								],
								"body": {
									"mode": "raw",
									"raw": ""
								},
								"url": {
									"raw": "https://{{service_bus_namespace_name}}.servicebus.windows.net/{{queue_dbs}}/messages/head",
									"protocol": "https",
									"host": [
										"{{service_bus_namespace_name}}",
										"servicebus",
										"windows",
										"net"
									],
									"path": [
										"{{queue_dbs}}",
										"messages",
										"head"
									]
								}
							},
							"status": "OK",
							"code": 200,
							"_postman_previewlanguage": "xml",
							"header": [
								{
									"key": "Transfer-Encoding",
									"value": "chunked"
								},
								{
									"key": "Content-Type",
									"value": "application/xml"
								},
								{
									"key": "Server",
									"value": "Microsoft-HTTPAPI/2.0"
								},
								{
									"key": "BrokerProperties",
									"value": "{\"CorrelationId\":\"1627054580971\",\"DeliveryCount\":1,\"EnqueuedTimeUtc\":\"Fri, 23 Jul 2021 15:36:21 GMT\",\"MessageId\":\"559979215100428b9a068b5763eb1492\",\"SequenceNumber\":61040240,\"State\":\"Active\",\"TimeToLive\":922337203685.47754}"
								},
								{
									"key": "Version",
									"value": "\"3.0\""
								},
								{
									"key": "MessageType",
									"value": "\"ACKNOWLEDGEMENT\""
								},
								{
									"key": "Strict-Transport-Security",
									"value": "max-age=31536000"
								},
								{
									"key": "Date",
									"value": "Fri, 23 Jul 2021 15:51:40 GMT"
								}
							],
							"cookie": [],
							"body": "<?xml version=\"1.0\" encoding=\"UTF-8\" standalone=\"yes\"?>\n<ns2:basicInformation xmlns:ns2=\"http://message.async.dms.svap.deere.com/\">\n    <account>{{account}}</account>\n    <messageType>ACKNOWLEDGEMENT</messageType>\n    <locale>en_US</locale>\n    <currency>USD</currency>\n    <accountType>DEALER</accountType>\n    <acknowledgement>\n        <eventBusinessKey>2001887264</eventBusinessKey>\n        <notificationId>11508603</notificationId>\n        <status>SUCCESSFUL</status>\n        <jobType>JOB</jobType>\n        <detailMessage>SUCCESSFUL</detailMessage>\n        <processedTimestamp>2021-07-23T15:36:20.946Z</processedTimestamp>\n    </acknowledgement>\n</ns2:basicInformation>"
						}
					]
				},
				{
					"name": "Remove Workorder",
					"event": [
						{
							"listen": "prerequest",
							"script": {
								"exec": [
									"var uri = 'https://' + pm.environment.get('service_bus_namespace_name') + '.servicebus.windows.net/' + pm.environment.get('queue_svap');",
									"var encoded = encodeURIComponent(uri); ",
									"var now = new Date(); ",
									"var week = 60*60*24*7;",
									"var ttl = Math.round(now.getTime() / 1000) + week;",
									"var signature = encoded + '\\n' + ttl;",
									"var signatureUTF8 = signature.toString(\"utf8\");",
									"",
									"var hash = CryptoJS.HmacSHA256(signatureUTF8, pm.environment.get('queue_svap_key'));",
									"var hash64 = hash.toString(CryptoJS.enc.Base64);",
									"var sas = 'SharedAccessSignature sr=' + encoded + '&sig=' + encodeURIComponent(hash64) + '&se=' + ttl + '&skn=' + pm.environment.get('queue_svap_key_name');",
									"pm.environment.set('queue_svap_auth_send', sas);",
									""
								],
								"type": "text/javascript"
							}
						}
					],
					"request": {
						"method": "POST",
						"header": [
							{
								"key": "Content-Type",
								"value": "application/atom+xml;type=entry;charset=utf-8",
								"type": "text",
								"disabled": true
							},
							{
								"key": "Authorization",
								"value": "{{queue_svap_auth_send}}",
								"type": "text"
							},
							{
								"key": "MessageSource",
								"value": "{{dbs}}",
								"type": "text"
							},
							{
								"key": "MessageType",
								"value": "LOG_COMPLETION",
								"type": "text"
							},
							{
								"key": "Version",
								"value": "3.0",
								"type": "text"
							}
						],
						"body": {
							"mode": "raw",
							"raw": "<?xml version=\"1.0\" encoding=\"UTF-8\"?>\n<svapIn:BasicInformation xmlns:svapIn=\"http://message.inbound.async.dms.svap.deere.com/\">\n    <accountType>DEALER</accountType>\n    <account>{{account}}</account>\n    <messageType>LOG_COMPLETION</messageType>\n    <locale>en_US</locale>\n    <currency>USD</currency>\n    <completionLog>\n        <eventType>CALENDAR</eventType>\n        <jobType>JOB</jobType>\n        <workOrderNumber>123456</workOrderNumber>\n        <additionalNotes>Add Additional Notes</additionalNotes>\n        <totalLaborTime>0</totalLaborTime>\n        <startDate>2021-02-03T10:31:45.21</startDate>\n        <completionDate>2021-07-22T09:07:26.3808894-05:00</completionDate>\n        <eventBusinessKey>{{event_businessKey}}</eventBusinessKey>\n        <notificationId>{{notificationId}}</notificationId>\n        <completedByLastName />\n        <completedByUserId />\n        <completedByFirstName />\n        <jobCode>PMH/9800/S25/053</jobCode>\n        <action>REMOVE_WO</action>\n        <location>064645</location>\n        <complaint>PROMOTIONAL PRICING PLUS TAX</complaint>\n        <correction>Add Correction</correction>\n        <totalPartCost>0</totalPartCost>\n        <totalLaborCost>0</totalLaborCost>\n        <totalCost>0</totalCost>\n        <totalAdditionalCost>0</totalAdditionalCost>\n    </completionLog>\n</svapIn:BasicInformation>",
							"options": {
								"raw": {
									"language": "xml"
								}
							}
						},
						"url": {
							"raw": "https://{{service_bus_namespace_name}}.servicebus.windows.net/{{queue_svap}}/messages",
							"protocol": "https",
							"host": [
								"{{service_bus_namespace_name}}",
								"servicebus",
								"windows",
								"net"
							],
							"path": [
								"{{queue_svap}}",
								"messages"
							]
						}
					},
					"response": []
				},
				{
					"name": "SVAP sends ACKNOWLEDGEMENT Copy",
					"event": [
						{
							"listen": "prerequest",
							"script": {
								"exec": [
									"var uri = 'https://' + pm.environment.get('service_bus_namespace_name') + '.servicebus.windows.net/' + pm.environment.get('queue_dbs');",
									"var encoded = encodeURIComponent(uri); ",
									"var now = new Date(); ",
									"var week = 60*60*24*7;",
									"var ttl = Math.round(now.getTime() / 1000) + week;",
									"var signature = encoded + '\\n' + ttl;",
									"var signatureUTF8 = signature.toString(\"utf8\");",
									"",
									"var hash = CryptoJS.HmacSHA256(signatureUTF8, pm.environment.get('queue_dbs_key'));",
									"var hash64 = hash.toString(CryptoJS.enc.Base64);",
									"var sas = 'SharedAccessSignature sr=' + encoded + '&sig=' + encodeURIComponent(hash64) + '&se=' + ttl + '&skn=' + pm.environment.get('queue_dbs_key_name');",
									"pm.environment.set('queue_dbs_auth_receive', sas);",
									""
								],
								"type": "text/javascript"
							}
						}
					],
					"request": {
						"auth": {
							"type": "noauth"
						},
						"method": "POST",
						"header": [
							{
								"key": "Authorization",
								"type": "text",
								"value": "{{queue_dbs_auth_receive}}"
							}
						],
						"body": {
							"mode": "raw",
							"raw": ""
						},
						"url": {
							"raw": "https://{{service_bus_namespace_name}}.servicebus.windows.net/{{queue_dbs}}/messages/head",
							"protocol": "https",
							"host": [
								"{{service_bus_namespace_name}}",
								"servicebus",
								"windows",
								"net"
							],
							"path": [
								"{{queue_dbs}}",
								"messages",
								"head"
							]
						}
					},
					"response": [
						{
							"name": "Receive Acknowledgement from SVAP",
							"originalRequest": {
								"method": "DELETE",
								"header": [
									{
										"key": "Authorization",
										"type": "text",
										"value": "{{queue_dbs_auth_receive}}"
									}
								],
								"body": {
									"mode": "raw",
									"raw": ""
								},
								"url": {
									"raw": "https://{{service_bus_namespace_name}}.servicebus.windows.net/{{queue_dbs}}/messages/head",
									"protocol": "https",
									"host": [
										"{{service_bus_namespace_name}}",
										"servicebus",
										"windows",
										"net"
									],
									"path": [
										"{{queue_dbs}}",
										"messages",
										"head"
									]
								}
							},
							"status": "OK",
							"code": 200,
							"_postman_previewlanguage": "xml",
							"header": [
								{
									"key": "Transfer-Encoding",
									"value": "chunked"
								},
								{
									"key": "Content-Type",
									"value": "application/xml"
								},
								{
									"key": "Server",
									"value": "Microsoft-HTTPAPI/2.0"
								},
								{
									"key": "BrokerProperties",
									"value": "{\"CorrelationId\":\"1627054580971\",\"DeliveryCount\":1,\"EnqueuedTimeUtc\":\"Fri, 23 Jul 2021 15:36:21 GMT\",\"MessageId\":\"559979215100428b9a068b5763eb1492\",\"SequenceNumber\":61040240,\"State\":\"Active\",\"TimeToLive\":922337203685.47754}"
								},
								{
									"key": "Version",
									"value": "\"3.0\""
								},
								{
									"key": "MessageType",
									"value": "\"ACKNOWLEDGEMENT\""
								},
								{
									"key": "Strict-Transport-Security",
									"value": "max-age=31536000"
								},
								{
									"key": "Date",
									"value": "Fri, 23 Jul 2021 15:51:40 GMT"
								}
							],
							"cookie": [],
							"body": "<?xml version=\"1.0\" encoding=\"UTF-8\" standalone=\"yes\"?>\n<ns2:basicInformation xmlns:ns2=\"http://message.async.dms.svap.deere.com/\">\n    <account>{{account}}</account>\n    <messageType>ACKNOWLEDGEMENT</messageType>\n    <locale>en_US</locale>\n    <currency>USD</currency>\n    <accountType>DEALER</accountType>\n    <acknowledgement>\n        <eventBusinessKey>2001887264</eventBusinessKey>\n        <notificationId>11508603</notificationId>\n        <status>SUCCESSFUL</status>\n        <jobType>JOB</jobType>\n        <detailMessage>SUCCESSFUL</detailMessage>\n        <processedTimestamp>2021-07-23T15:36:20.946Z</processedTimestamp>\n    </acknowledgement>\n</ns2:basicInformation>"
						}
					]
				},
				{
					"name": "Invoice Workorder",
					"event": [
						{
							"listen": "prerequest",
							"script": {
								"exec": [
									"var uri = 'https://' + pm.environment.get('service_bus_namespace_name') + '.servicebus.windows.net/' + pm.environment.get('queue_svap');",
									"var encoded = encodeURIComponent(uri); ",
									"var now = new Date(); ",
									"var week = 60*60*24*7;",
									"var ttl = Math.round(now.getTime() / 1000) + week;",
									"var signature = encoded + '\\n' + ttl;",
									"var signatureUTF8 = signature.toString(\"utf8\");",
									"",
									"var hash = CryptoJS.HmacSHA256(signatureUTF8, pm.environment.get('queue_svap_key'));",
									"var hash64 = hash.toString(CryptoJS.enc.Base64);",
									"var sas = 'SharedAccessSignature sr=' + encoded + '&sig=' + encodeURIComponent(hash64) + '&se=' + ttl + '&skn=' + pm.environment.get('queue_svap_key_name');",
									"pm.environment.set('queue_svap_auth_send', sas);",
									""
								],
								"type": "text/javascript"
							}
						}
					],
					"request": {
						"method": "POST",
						"header": [
							{
								"key": "Content-Type",
								"value": "application/atom+xml;type=entry;charset=utf-8",
								"type": "text",
								"disabled": true
							},
							{
								"key": "Authorization",
								"value": "{{queue_svap_auth_send}}",
								"type": "text"
							},
							{
								"key": "MessageSource",
								"value": "{{dbs}}",
								"type": "text"
							},
							{
								"key": "MessageType",
								"value": "LOG_COMPLETION",
								"type": "text"
							},
							{
								"key": "Version",
								"value": "3.0",
								"type": "text"
							}
						],
						"body": {
							"mode": "raw",
							"raw": "<?xml version=\"1.0\" encoding=\"UTF-8\"?>\n<svapIn:BasicInformation xmlns:svapIn=\"http://message.inbound.async.dms.svap.deere.com/\">\n    <accountType>DEALER</accountType>\n    <account>{{account}}</account>\n    <messageType>LOG_COMPLETION</messageType>\n    <locale>en_US</locale>\n    <currency>USD</currency>\n    <completionLog>\n        <eventType>HOURLY</eventType>\n        <jobType>ALERT</jobType>\n        <workOrderNumber>123456</workOrderNumber>\n        <additionalNotes>My additional notes</additionalNotes>\n        <totalLaborTime>0</totalLaborTime>\n        <startDate>2021-08-23T08:26:28.02</startDate>\n        <completionDate>2021-08-26T10:04:01.132269-06:00</completionDate>\n        <notificationId>2020036436</notificationId>\n        <completedByLastName />\n        <completedByUserId />\n        <completedByFirstName />\n        <jobCode>600664315217901537</jobCode>\n        <eventBusinessKey>2021588319</eventBusinessKey>\n        <action>INVOICE</action>\n        <location>731791</location>\n        <complaint></complaint>\n        <correction></correction>\n        <totalPartCost>0</totalPartCost>\n        <totalLaborCost>0</totalLaborCost>\n        <totalCost>0</totalCost>\n        <totalAdditionalCost>0</totalAdditionalCost>\n    </completionLog>\n</svapIn:BasicInformation>",
							"options": {
								"raw": {
									"language": "xml"
								}
							}
						},
						"url": {
							"raw": "https://{{service_bus_namespace_name}}.servicebus.windows.net/{{queue_svap}}/messages",
							"protocol": "https",
							"host": [
								"{{service_bus_namespace_name}}",
								"servicebus",
								"windows",
								"net"
							],
							"path": [
								"{{queue_svap}}",
								"messages"
							]
						}
					},
					"response": []
				},
				{
					"name": "SVAP sends ACKNOWLEDGEMENT Copy 2",
					"event": [
						{
							"listen": "prerequest",
							"script": {
								"exec": [
									"var uri = 'https://' + pm.environment.get('service_bus_namespace_name') + '.servicebus.windows.net/' + pm.environment.get('queue_dbs');",
									"var encoded = encodeURIComponent(uri); ",
									"var now = new Date(); ",
									"var week = 60*60*24*7;",
									"var ttl = Math.round(now.getTime() / 1000) + week;",
									"var signature = encoded + '\\n' + ttl;",
									"var signatureUTF8 = signature.toString(\"utf8\");",
									"",
									"var hash = CryptoJS.HmacSHA256(signatureUTF8, pm.environment.get('queue_dbs_key'));",
									"var hash64 = hash.toString(CryptoJS.enc.Base64);",
									"var sas = 'SharedAccessSignature sr=' + encoded + '&sig=' + encodeURIComponent(hash64) + '&se=' + ttl + '&skn=' + pm.environment.get('queue_dbs_key_name');",
									"pm.environment.set('queue_dbs_auth_receive', sas);",
									""
								],
								"type": "text/javascript"
							}
						}
					],
					"request": {
						"auth": {
							"type": "noauth"
						},
						"method": "POST",
						"header": [
							{
								"key": "Authorization",
								"type": "text",
								"value": "{{queue_dbs_auth_receive}}"
							}
						],
						"body": {
							"mode": "raw",
							"raw": ""
						},
						"url": {
							"raw": "https://{{service_bus_namespace_name}}.servicebus.windows.net/{{queue_dbs}}/messages/head",
							"protocol": "https",
							"host": [
								"{{service_bus_namespace_name}}",
								"servicebus",
								"windows",
								"net"
							],
							"path": [
								"{{queue_dbs}}",
								"messages",
								"head"
							]
						}
					},
					"response": [
						{
							"name": "Receive Acknowledgement from SVAP",
							"originalRequest": {
								"method": "DELETE",
								"header": [
									{
										"key": "Authorization",
										"type": "text",
										"value": "{{queue_dbs_auth_receive}}"
									}
								],
								"body": {
									"mode": "raw",
									"raw": ""
								},
								"url": {
									"raw": "https://{{service_bus_namespace_name}}.servicebus.windows.net/{{queue_dbs}}/messages/head",
									"protocol": "https",
									"host": [
										"{{service_bus_namespace_name}}",
										"servicebus",
										"windows",
										"net"
									],
									"path": [
										"{{queue_dbs}}",
										"messages",
										"head"
									]
								}
							},
							"status": "OK",
							"code": 200,
							"_postman_previewlanguage": "xml",
							"header": [
								{
									"key": "Transfer-Encoding",
									"value": "chunked"
								},
								{
									"key": "Content-Type",
									"value": "application/xml"
								},
								{
									"key": "Server",
									"value": "Microsoft-HTTPAPI/2.0"
								},
								{
									"key": "BrokerProperties",
									"value": "{\"CorrelationId\":\"1627054580971\",\"DeliveryCount\":1,\"EnqueuedTimeUtc\":\"Fri, 23 Jul 2021 15:36:21 GMT\",\"MessageId\":\"559979215100428b9a068b5763eb1492\",\"SequenceNumber\":61040240,\"State\":\"Active\",\"TimeToLive\":922337203685.47754}"
								},
								{
									"key": "Version",
									"value": "\"3.0\""
								},
								{
									"key": "MessageType",
									"value": "\"ACKNOWLEDGEMENT\""
								},
								{
									"key": "Strict-Transport-Security",
									"value": "max-age=31536000"
								},
								{
									"key": "Date",
									"value": "Fri, 23 Jul 2021 15:51:40 GMT"
								}
							],
							"cookie": [],
							"body": "<?xml version=\"1.0\" encoding=\"UTF-8\" standalone=\"yes\"?>\n<ns2:basicInformation xmlns:ns2=\"http://message.async.dms.svap.deere.com/\">\n    <account>{{account}}</account>\n    <messageType>ACKNOWLEDGEMENT</messageType>\n    <locale>en_US</locale>\n    <currency>USD</currency>\n    <accountType>DEALER</accountType>\n    <acknowledgement>\n        <eventBusinessKey>2001887264</eventBusinessKey>\n        <notificationId>11508603</notificationId>\n        <status>SUCCESSFUL</status>\n        <jobType>JOB</jobType>\n        <detailMessage>SUCCESSFUL</detailMessage>\n        <processedTimestamp>2021-07-23T15:36:20.946Z</processedTimestamp>\n    </acknowledgement>\n</ns2:basicInformation>"
						}
					]
				},
				{
					"name": "Uninvoice Workorder",
					"event": [
						{
							"listen": "prerequest",
							"script": {
								"exec": [
									"var uri = 'https://' + pm.environment.get('service_bus_namespace_name') + '.servicebus.windows.net/' + pm.environment.get('queue_svap');",
									"var encoded = encodeURIComponent(uri); ",
									"var now = new Date(); ",
									"var week = 60*60*24*7;",
									"var ttl = Math.round(now.getTime() / 1000) + week;",
									"var signature = encoded + '\\n' + ttl;",
									"var signatureUTF8 = signature.toString(\"utf8\");",
									"",
									"var hash = CryptoJS.HmacSHA256(signatureUTF8, pm.environment.get('queue_svap_key'));",
									"var hash64 = hash.toString(CryptoJS.enc.Base64);",
									"var sas = 'SharedAccessSignature sr=' + encoded + '&sig=' + encodeURIComponent(hash64) + '&se=' + ttl + '&skn=' + pm.environment.get('queue_svap_key_name');",
									"pm.environment.set('queue_svap_auth_send', sas);",
									""
								],
								"type": "text/javascript"
							}
						}
					],
					"request": {
						"method": "POST",
						"header": [
							{
								"key": "Content-Type",
								"value": "application/atom+xml;type=entry;charset=utf-8",
								"type": "text",
								"disabled": true
							},
							{
								"key": "Authorization",
								"value": "{{queue_svap_auth_send}}",
								"type": "text"
							},
							{
								"key": "MessageSource",
								"value": "{{dbs}}",
								"type": "text"
							},
							{
								"key": "MessageType",
								"value": "LOG_COMPLETION",
								"type": "text"
							},
							{
								"key": "Version",
								"value": "3.0",
								"type": "text"
							}
						],
						"body": {
							"mode": "raw",
							"raw": "<BasicInformation>\n    <account>{{account}}</account>\n    <accountType>DEALER</accountType>\n    <messageType>LOG_COMPLETION</messageType>\n    <locale>en_US</locale>\n    <currency>USD</currency>\n    <completionLog>\n        <workOrderNumber>123456</workOrderNumber>\n        <totalLaborTime></totalLaborTime>\n        <eventType>CALENDAR</eventType>\n        <jobType>JOB</jobType>\n        <notificationId>{{notificationId}}</notificationId>\n        <jobCode>PA-SARD</jobCode>\n        <location>230696</location>\n        <eventBusinessKey>{{event_businessKey}}</eventBusinessKey>\n        <action>UNINVOICE</action>\n        <totalPartCost></totalPartCost>\n        <totalLaborCost></totalLaborCost>\n        <totalAdditionalCost></totalAdditionalCost>\n        <totalCost></totalCost>\n        <complaint></complaint>\n        <correction></correction>\n    </completionLog>\n</BasicInformation>",
							"options": {
								"raw": {
									"language": "xml"
								}
							}
						},
						"url": {
							"raw": "https://{{service_bus_namespace_name}}.servicebus.windows.net/{{queue_svap}}/messages",
							"protocol": "https",
							"host": [
								"{{service_bus_namespace_name}}",
								"servicebus",
								"windows",
								"net"
							],
							"path": [
								"{{queue_svap}}",
								"messages"
							]
						}
					},
					"response": []
				},
				{
					"name": "SVAP sends ACKNOWLEDGEMENT Copy 3",
					"event": [
						{
							"listen": "prerequest",
							"script": {
								"exec": [
									"var uri = 'https://' + pm.environment.get('service_bus_namespace_name') + '.servicebus.windows.net/' + pm.environment.get('queue_dbs');",
									"var encoded = encodeURIComponent(uri); ",
									"var now = new Date(); ",
									"var week = 60*60*24*7;",
									"var ttl = Math.round(now.getTime() / 1000) + week;",
									"var signature = encoded + '\\n' + ttl;",
									"var signatureUTF8 = signature.toString(\"utf8\");",
									"",
									"var hash = CryptoJS.HmacSHA256(signatureUTF8, pm.environment.get('queue_dbs_key'));",
									"var hash64 = hash.toString(CryptoJS.enc.Base64);",
									"var sas = 'SharedAccessSignature sr=' + encoded + '&sig=' + encodeURIComponent(hash64) + '&se=' + ttl + '&skn=' + pm.environment.get('queue_dbs_key_name');",
									"pm.environment.set('queue_dbs_auth_receive', sas);",
									""
								],
								"type": "text/javascript"
							}
						}
					],
					"request": {
						"auth": {
							"type": "noauth"
						},
						"method": "POST",
						"header": [
							{
								"key": "Authorization",
								"type": "text",
								"value": "{{queue_dbs_auth_receive}}"
							}
						],
						"body": {
							"mode": "raw",
							"raw": ""
						},
						"url": {
							"raw": "https://{{service_bus_namespace_name}}.servicebus.windows.net/{{queue_dbs}}/messages/head",
							"protocol": "https",
							"host": [
								"{{service_bus_namespace_name}}",
								"servicebus",
								"windows",
								"net"
							],
							"path": [
								"{{queue_dbs}}",
								"messages",
								"head"
							]
						}
					},
					"response": [
						{
							"name": "Receive Acknowledgement from SVAP",
							"originalRequest": {
								"method": "DELETE",
								"header": [
									{
										"key": "Authorization",
										"type": "text",
										"value": "{{queue_dbs_auth_receive}}"
									}
								],
								"body": {
									"mode": "raw",
									"raw": ""
								},
								"url": {
									"raw": "https://{{service_bus_namespace_name}}.servicebus.windows.net/{{queue_dbs}}/messages/head",
									"protocol": "https",
									"host": [
										"{{service_bus_namespace_name}}",
										"servicebus",
										"windows",
										"net"
									],
									"path": [
										"{{queue_dbs}}",
										"messages",
										"head"
									]
								}
							},
							"status": "OK",
							"code": 200,
							"_postman_previewlanguage": "xml",
							"header": [
								{
									"key": "Transfer-Encoding",
									"value": "chunked"
								},
								{
									"key": "Content-Type",
									"value": "application/xml"
								},
								{
									"key": "Server",
									"value": "Microsoft-HTTPAPI/2.0"
								},
								{
									"key": "BrokerProperties",
									"value": "{\"CorrelationId\":\"1627054580971\",\"DeliveryCount\":1,\"EnqueuedTimeUtc\":\"Fri, 23 Jul 2021 15:36:21 GMT\",\"MessageId\":\"559979215100428b9a068b5763eb1492\",\"SequenceNumber\":61040240,\"State\":\"Active\",\"TimeToLive\":922337203685.47754}"
								},
								{
									"key": "Version",
									"value": "\"3.0\""
								},
								{
									"key": "MessageType",
									"value": "\"ACKNOWLEDGEMENT\""
								},
								{
									"key": "Strict-Transport-Security",
									"value": "max-age=31536000"
								},
								{
									"key": "Date",
									"value": "Fri, 23 Jul 2021 15:51:40 GMT"
								}
							],
							"cookie": [],
							"body": "<?xml version=\"1.0\" encoding=\"UTF-8\" standalone=\"yes\"?>\n<ns2:basicInformation xmlns:ns2=\"http://message.async.dms.svap.deere.com/\">\n    <account>{{account}}</account>\n    <messageType>ACKNOWLEDGEMENT</messageType>\n    <locale>en_US</locale>\n    <currency>USD</currency>\n    <accountType>DEALER</accountType>\n    <acknowledgement>\n        <eventBusinessKey>2001887264</eventBusinessKey>\n        <notificationId>11508603</notificationId>\n        <status>SUCCESSFUL</status>\n        <jobType>JOB</jobType>\n        <detailMessage>SUCCESSFUL</detailMessage>\n        <processedTimestamp>2021-07-23T15:36:20.946Z</processedTimestamp>\n    </acknowledgement>\n</ns2:basicInformation>"
						}
					]
				}
			],
			"description": "This service will be allow Dealer Business Systems to Invoice an event from Dealer\nBusiness System. This is mainly used when dealer wants to Invoice/uninvoice (log workorder) an Event."
		}
	],
	"event": [
		{
			"listen": "prerequest",
			"script": {
				"type": "text/javascript",
				"exec": [
					""
				]
			}
		},
		{
			"listen": "test",
			"script": {
				"type": "text/javascript",
				"exec": [
					""
				]
			}
		}
	]
}