{
	"info": {
		"_postman_id": "098e0c75-d7f0-4d88-9305-d3f95548db5c",
		"name": "Your Credentials",
		"schema": "https://schema.getpostman.com/json/collection/v2.1.0/collection.json"
	},
	"item": [
		{
			"name": "Api Token",
			"event": [
				{
					"listen": "prerequest",
					"script": {
						"exec": [
							""
						],
						"type": "text/javascript"
					}
				},
				{
					"listen": "test",
					"script": {
						"exec": [
							"var jsonData = JSON.parse(responseBody);",
							"pm.environment.set(\"api_bearer_token\", jsonData.access_token);",
							""
						],
						"type": "text/javascript"
					}
				}
			],
			"protocolProfileBehavior": {
				"disabledSystemHeaders": {}
			},
			"request": {
				"method": "POST",
				"header": [
					{
						"key": "Content-Type",
						"value": "application/x-www-form-urlencoded",
						"type": "text"
					}
				],
				"url": {
					"raw": "https://sso-qual.johndeere.com/oauth2/:AppId/v1/token?grant_type=client_credentials&client_id={{client_id}}&client_secret={{client_secret}}",
					"protocol": "https",
					"host": [
						"sso-qual",
						"johndeere",
						"com"
					],
					"path": [
						"oauth2",
						":AppId",
						"v1",
						"token"
					],
					"query": [
						{
							"key": "grant_type",
							"value": "client_credentials"
						},
						{
							"key": "client_id",
							"value": "{{client_id}}"
						},
						{
							"key": "client_secret",
							"value": "{{client_secret}}"
						}
					],
					"variable": [
						{
							"key": "AppId",
							"value": "ausi42oq38DYB06q50h7"
						}
					]
				}
			},
			"response": []
		},
		{
			"name": "Read DBS Queue",
			"event": [
				{
					"listen": "prerequest",
					"script": {
						"exec": [
							"var uri = 'https://' + pm.environment.get('service_bus_namespace_name') + '.servicebus.windows.net/' + pm.environment.get('queue_dbs');",
							"var encoded = encodeURIComponent(uri); ",
							"var now = new Date(); ",
							"var week = 60*60*24*7;",
							"var ttl = Math.round(now.getTime() / 1000) + week;",
							"var signature = encoded + '\\n' + ttl;",
							"var signatureUTF8 = signature.toString(\"utf8\");",
							"",
							"var hash = CryptoJS.HmacSHA256(signatureUTF8, pm.environment.get('queue_dbs_key'));",
							"var hash64 = hash.toString(CryptoJS.enc.Base64);",
							"var sas = 'SharedAccessSignature sr=' + encoded + '&sig=' + encodeURIComponent(hash64) + '&se=' + ttl + '&skn=' + pm.environment.get('queue_dbs_key_name');",
							"pm.environment.set('queue_dbs_auth_receive', sas);",
							""
						],
						"type": "text/javascript"
					}
				},
				{
					"listen": "test",
					"script": {
						"exec": [
							""
						],
						"type": "text/javascript"
					}
				}
			],
			"request": {
				"auth": {
					"type": "noauth"
				},
				"method": "POST",
				"header": [
					{
						"key": "Content-Type",
						"value": "application/vnd.microsoft.servicebus.json",
						"type": "text",
						"disabled": true
					},
					{
						"key": "Authorization",
						"value": "{{queue_dbs_auth_receive}}",
						"type": "text"
					}
				],
				"url": {
					"raw": "https://{{service_bus_namespace_name}}.servicebus.windows.net/{{queue_dbs}}/messages/head",
					"protocol": "https",
					"host": [
						"{{service_bus_namespace_name}}",
						"servicebus",
						"windows",
						"net"
					],
					"path": [
						"{{queue_dbs}}",
						"messages",
						"head"
					]
				}
			},
			"response": []
		},
		{
			"name": "Send Message to SVAP",
			"event": [
				{
					"listen": "prerequest",
					"script": {
						"exec": [
							"var uri = 'https://' + pm.environment.get('service_bus_namespace_name') + '.servicebus.windows.net/' + pm.environment.get('queue_svap');",
							"var encoded = encodeURIComponent(uri); ",
							"var now = new Date(); ",
							"var week = 60*60*24*7;",
							"var ttl = Math.round(now.getTime() / 1000) + week;",
							"var signature = encoded + '\\n' + ttl;",
							"var signatureUTF8 = signature.toString(\"utf8\");",
							"",
							"var hash = CryptoJS.HmacSHA256(signatureUTF8, pm.environment.get('queue_svap_key'));",
							"var hash64 = hash.toString(CryptoJS.enc.Base64);",
							"var sas = 'SharedAccessSignature sr=' + encoded + '&sig=' + encodeURIComponent(hash64) + '&se=' + ttl + '&skn=' + pm.environment.get('queue_svap_key_name');",
							"pm.environment.set('queue_svap_auth_send', sas);",
							""
						],
						"type": "text/javascript"
					}
				}
			],
			"request": {
				"auth": {
					"type": "noauth"
				},
				"method": "POST",
				"header": [
					{
						"key": "Content-Type",
						"value": "application/atom+xml;type=entry;charset=utf-8",
						"type": "text",
						"disabled": true
					},
					{
						"key": "Authorization",
						"value": "{{queue_svap_auth_send}}",
						"type": "text"
					},
					{
						"key": "MessageSource",
						"value": "{{dbs}}",
						"type": "text"
					},
					{
						"key": "MessageType",
						"value": "ACKNOWLEDGEMENT",
						"type": "text"
					},
					{
						"key": "Version",
						"value": "3.0",
						"type": "text"
					}
				],
				"body": {
					"mode": "raw",
					"raw": "<tns:BasicInformation xmlns:p=\"http://common.async.dms.svap.deere.com/\" xmlns:tns=\"http://message.inbound.async.dms.svap.deere.com/\" xmlns:tns1=\"http://domain.inbound.async.dms.svap.deere.com/\" xmlns:xsi=\"http://www.w3.org/2001/XMLSchema-instance\" xsi:schemaLocation=\"http://message.inbound.async.dms.svap.deere.com/ message-inbound.xsd http://common.async.dms.svap.deere.com/ common.xsd http://domain.inbound.async.dms.svap.deere.com/ domain-inbound.xsd \">\n    <account>{{account}}</account>\n    <accountType>DEALER</accountType>\n    <messageType>ACKNOWLEDGEMENT</messageType>\n    <locale>en</locale>\n    <currency>USD</currency>\n    <acknowledgement>\n        <eventBusinessKey>{{event_businessKey}}</eventBusinessKey>\n        <notificationId>{{notificationId}}</notificationId>\n        <agreementBusinessKey>{{agreement_businessKey}}</agreementBusinessKey>\n        <status>SUCCESSFUL</status>\n        <detailMessage/>\n        <receivedTimestamp>2017-02-06T07:45:15</receivedTimestamp>\n        <processedTimestamp>2017-02-06T07:45:15</processedTimestamp>\n        <jobType>JOB</jobType>\n    </acknowledgement>\n</tns:BasicInformation>",
					"options": {
						"raw": {
							"language": "xml"
						}
					}
				},
				"url": {
					"raw": "https://{{service_bus_namespace_name}}.servicebus.windows.net/{{queue_svap}}/messages",
					"protocol": "https",
					"host": [
						"{{service_bus_namespace_name}}",
						"servicebus",
						"windows",
						"net"
					],
					"path": [
						"{{queue_svap}}",
						"messages"
					]
				}
			},
			"response": []
		}
	]
}